Time,PRN,CN0_dBHz,Doppler
0.0,3,40.03,1000
0.0,6,41.43,-500
0.0,7,38.56,2000
0.0,8,35.64,2750
0.0,9,35.3,-4250
0.0,10,37.19,750
0.0,13,41.4,2000
0.0,16,42.76,-2750
0.0,19,40.72,2750
0.0,20,35.55,-3000
0.0,22,35.55,5250
0.0,23,44.33,-500
0.0,24,35.23,-500
0.0,25,35.05,-1500
0.0,31,35.21,250
0.5,3,42.55,750
0.5,6,40.65,-500
0.5,7,39.2,1750
0.5,13,41.71,2000
0.5,16,42.0,-2750
0.5,19,39.38,2500
0.5,20,37.2,-3000
0.5,21,36.02,0
0.5,23,44.03,-500
0.5,25,36.15,2500
1.0,3,41.14,1000
1.0,4,35.7,-2000
1.0,6,41.43,-500
1.0,7,38.93,1750
1.0,10,35.85,750
1.0,11,35.22,5750
1.0,13,42.01,1750
1.0,14,35.08,3000
1.0,16,41.56,-2750
1.0,17,35.0,-3250
1.0,19,38.88,2500
1.0,20,36.34,-3000
1.0,22,35.49,5250
1.0,23,43.98,-500
1.5,3,42.84,750
1.5,6,41.12,-500
1.5,7,38.45,1750
1.5,10,37.12,750
1.5,11,35.55,-4250
1.5,13,42.5,1750
1.5,14,35.16,750
1.5,16,42.54,-2750
1.5,19,39.08,2500
1.5,20,37.32,-3000
1.5,22,35.48,-5250
1.5,23,44.33,-500
2.0,3,39.79,1000
2.0,6,41.52,-500
2.0,7,38.74,1750
2.0,10,35.85,750
2.0,13,42.09,1750
2.0,16,42.1,-2750
2.0,19,39.03,2750
2.0,20,35.9,-3000
2.0,23,43.27,-500
2.0,25,35.22,4750
2.0,27,35.01,5000
2.0,29,35.09,2250
2.5,3,43.22,750
2.5,6,42.29,-500
2.5,7,38.38,1750
2.5,10,35.75,750
2.5,13,41.25,1750
2.5,16,43.36,-2750
2.5,17,35.07,0
2.5,19,39.92,2500
2.5,20,38.04,-3000
2.5,21,35.66,5250
2.5,23,43.82,-500
3.0,3,40.06,500
3.0,6,42.61,-500
3.0,7,40.11,1750
3.0,10,38.11,750
3.0,13,40.86,2000
3.0,16,42.53,-2750
3.0,19,40.24,2500
3.0,20,35.02,-3000
3.0,22,35.04,-2000
3.0,23,43.72,-500
3.0,30,35.66,-3250
3.5,3,43.48,750
3.5,4,35.19,2500
3.5,6,42.97,-500
3.5,7,40.23,1750
3.5,9,35.15,5750
3.5,10,35.58,750
3.5,11,35.51,4500
3.5,13,42.79,1750
3.5,16,42.45,-2750
3.5,19,39.76,2750
3.5,20,36.15,3750
3.5,23,44.45,-500
3.5,27,35.18,-4250
3.5,28,35.04,1000
3.5,29,35.1,1250
3.5,32,35.18,3750
4.0,3,43.13,750
4.0,6,41.24,-500
4.0,7,37.8,2000
4.0,10,35.18,750
4.0,13,41.67,1750
4.0,16,42.89,-2750
4.0,19,39.69,2500
4.0,23,44.06,-500
4.0,25,35.24,-750
4.0,30,36.02,-3250
4.0,32,35.08,3750
4.5,3,41.67,1000
4.5,6,41.77,-500
4.5,7,39.66,1750
4.5,13,42.88,1750
4.5,16,42.41,-2750
4.5,18,35.02,5250
4.5,19,39.58,2750
4.5,23,44.02,-500
4.5,30,35.04,-3250
4.5,31,35.57,-4000
5.0,3,40.09,1000
5.0,6,40.61,-500
5.0,7,38.44,1750
5.0,10,37.02,750
5.0,13,40.81,2000
5.0,16,42.7,-2750
5.0,19,36.77,2500
5.0,20,37.46,-3000
5.0,23,43.63,-500
5.0,24,35.31,-6000
5.0,25,35.96,0
5.0,30,35.27,-5250
5.5,3,43.66,750
5.5,6,40.94,-500
5.5,7,40.4,1750
5.5,8,35.67,5500
5.5,13,41.77,1750
5.5,16,41.6,-2750
5.5,18,35.35,-5500
5.5,19,39.4,2750
5.5,23,43.16,-500
5.5,26,35.04,-3500
5.5,27,35.11,5750
5.5,30,35.37,-3250
5.5,32,35.03,2750
6.0,2,35.68,-5500
6.0,3,42.42,750
6.0,6,41.25,-500
6.0,7,40.76,1750
6.0,10,36.43,750
6.0,13,42.1,1750
6.0,16,43.65,-2750
6.0,19,38.2,2500
6.0,20,36.33,-3000
6.0,22,35.39,-5500
6.0,23,43.77,-500
6.0,30,36.32,-3250
6.5,3,43.26,750
6.5,6,42.97,-500
6.5,7,40.35,1750
6.5,8,35.35,4750
6.5,10,35.57,750
6.5,13,41.05,1750
6.5,15,35.3,750
6.5,16,42.32,-2750
6.5,18,35.07,5500
6.5,19,38.62,2500
6.5,20,38.49,-3000
6.5,23,42.92,-500
6.5,25,35.29,-1500
6.5,30,36.35,-3250
7.0,3,40.83,1000
7.0,6,42.14,-500
7.0,7,38.12,1750
7.0,8,35.23,1500
7.0,11,35.42,-5500
7.0,13,41.36,1750
7.0,14,35.2,1500
7.0,15,35.06,-500
7.0,16,41.62,-2750
7.0,19,37.77,2750
7.0,20,37.42,-3000
7.0,23,43.7,-500
7.5,3,40.29,1000
7.5,6,41.4,-500
7.5,7,40.67,1750
7.5,10,35.02,2000
7.5,13,42.34,1750
7.5,16,43.08,-2750
7.5,19,40.14,2500
7.5,20,36.88,-3000
7.5,23,42.91,-500
7.5,29,35.05,1000
7.5,30,35.23,-1250
8.0,3,43.11,750
8.0,6,41.6,-500
8.0,7,39.94,1750
8.0,12,35.02,-5250
8.0,13,40.29,1750
8.0,16,42.43,-2750
8.0,19,38.8,2500
8.0,20,35.73,-3000
8.0,23,42.68,-500
8.0,27,35.21,-6000
8.5,3,40.45,1000
8.5,6,41.89,-500
8.5,7,37.79,2000
8.5,12,35.79,-4500
8.5,13,42.09,1750
8.5,16,42.47,-2750
8.5,19,39.68,2500
8.5,23,43.84,-500
8.5,31,35.3,0
9.0,3,40.43,1000
9.0,4,36.18,2500
9.0,5,35.66,5250
9.0,6,42.61,-500
9.0,7,38.76,1750
9.0,13,42.43,1750
9.0,16,42.35,-2750
9.0,19,39.65,2750
9.0,23,43.67,-500
9.0,25,35.3,-1500
9.0,31,35.22,-3750
9.5,2,35.0,500
9.5,3,43.81,750
9.5,6,42.09,-500
9.5,7,38.92,1750
9.5,12,35.52,-500
9.5,13,42.98,1750
9.5,16,41.8,-2750
9.5,18,35.25,-4000
9.5,19,39.44,2500
9.5,21,35.36,2000
9.5,23,45.15,-500
10.0,1,35.31,4500
10.0,3,44.75,750
10.0,6,40.3,-500
10.0,7,40.45,1750
10.0,8,35.0,1000
10.0,10,35.61,750
10.0,13,42.18,1750
10.0,16,41.94,-2750
10.0,19,39.54,2500
10.0,20,36.43,-3000
10.0,22,35.1,-2250
10.0,23,44.83,-500
10.0,25,35.14,4000
10.0,27,35.09,4750
10.0,30,35.39,-500
10.0,32,35.15,-3000
10.5,3,43.35,750
10.5,6,41.52,-500
10.5,7,39.09,1750
10.5,10,36.58,750
10.5,13,42.28,1750
10.5,14,35.08,-750
10.5,16,41.59,-2750
10.5,19,38.99,2500
10.5,20,37.11,-3000
10.5,23,42.63,-500
10.5,30,35.61,4750
10.5,31,35.57,-2750
11.0,3,39.59,1000
11.0,6,41.49,-500
11.0,7,38.94,2000
11.0,10,35.3,4500
11.0,11,35.66,5500
11.0,13,42.12,1750
11.0,16,42.67,-2750
11.0,19,40.83,2750
11.0,21,35.45,-6000
11.0,23,43.75,-500
11.0,24,35.05,2500
11.0,31,35.59,2250
11.5,3,44.18,750
11.5,6,41.15,-500
11.5,7,40.56,1750
11.5,10,35.34,750
11.5,13,42.25,1750
11.5,14,35.12,2000
11.5,16,42.5,-2750
11.5,18,35.68,-1000
11.5,19,39.58,2750
11.5,23,43.83,-500
11.5,30,35.53,-3250
11.5,32,36.13,-3000
12.0,2,35.03,500
12.0,3,43.16,750
12.0,6,41.65,-500
12.0,7,41.26,1750
12.0,13,42.6,1750
12.0,14,35.55,-2500
12.0,16,42.4,-2750
12.0,19,39.79,2500
12.0,23,43.99,-500
12.0,24,35.33,2500
12.0,27,35.01,2000
12.0,29,35.32,-2750
12.5,3,43.0,750
12.5,6,41.11,-500
12.5,7,40.08,1750
12.5,8,35.32,-2250
12.5,13,40.88,1750
12.5,16,41.33,-2750
12.5,19,37.94,2750
12.5,20,35.25,-3000
12.5,23,43.24,-500
12.5,27,35.02,5000
13.0,3,39.56,1000
13.0,6,41.46,-500
13.0,7,38.38,1750
13.0,13,42.16,1750
13.0,15,35.06,-5750
13.0,16,42.72,-2750
13.0,19,38.48,2750
13.0,20,37.35,-3000
13.0,23,43.66,-500
13.0,29,35.68,2000
13.5,2,35.17,5250
13.5,3,40.84,1000
13.5,5,35.73,-1500
13.5,6,41.45,-500
13.5,7,39.5,1750
13.5,9,35.73,0
13.5,10,38.94,750
13.5,11,35.9,-5000
13.5,13,42.94,1750
13.5,16,42.46,-2750
13.5,19,39.22,2500
13.5,20,35.77,-3000
13.5,23,43.64,-500
13.5,24,35.19,-5000
14.0,3,40.98,1000
14.0,4,35.7,3500
14.0,6,41.98,-500
14.0,7,41.34,1750
14.0,11,35.89,2000
14.0,13,40.72,2000
14.0,16,42.31,-2750
14.0,18,35.29,-3000
14.0,19,39.49,2500
14.0,21,35.4,4000
14.0,23,44.89,-500
14.0,25,35.5,3500
14.0,29,35.04,5750
14.0,32,37.39,-3000
14.5,3,39.82,500
14.5,6,41.43,-500
14.5,7,40.46,1750
14.5,11,35.05,-1500
14.5,13,41.09,1750
14.5,16,43.26,-2750
14.5,19,38.53,2750
14.5,23,43.98,-500
14.5,26,35.02,-3250
14.5,30,35.71,-3250
14.5,32,35.28,-3000
15.0,2,35.21,-4000
15.0,3,39.35,500
15.0,6,41.44,-500
15.0,7,38.8,1750
15.0,10,37.63,750
15.0,13,42.28,1750
15.0,16,41.62,-2750
15.0,18,35.09,-6000
15.0,19,39.88,2500
15.0,20,37.16,-3000
15.0,22,35.04,3750
15.0,23,43.01,-500
15.5,3,43.74,750
15.5,6,40.96,-500
15.5,7,39.02,1750
15.5,13,42.72,1750
15.5,16,41.65,-2750
15.5,19,38.77,2750
15.5,21,35.66,3000
15.5,23,42.91,-500
15.5,28,35.14,-4250
15.5,32,35.41,-3000
16.0,2,35.77,-2750
16.0,3,39.98,500
16.0,6,42.59,-500
16.0,7,40.33,1750
16.0,10,35.24,750
16.0,13,40.87,2000
16.0,16,42.92,-2750
16.0,19,39.46,2500
16.0,22,35.26,-1250
16.0,23,43.0,-500
16.0,28,35.43,4250
16.0,30,35.6,-3250
16.0,32,35.13,4750
16.5,2,36.07,-500
16.5,3,43.39,750
16.5,4,35.27,750
16.5,6,42.12,-500
16.5,7,38.1,1750
16.5,12,35.56,-2750
16.5,13,41.66,1750
16.5,16,42.05,-2750
16.5,19,40.6,2750
16.5,23,43.95,-500
16.5,27,35.54,-5250
17.0,3,42.44,750
17.0,6,41.89,-500
17.0,7,39.42,1750
17.0,8,35.36,0
17.0,13,43.01,1750
17.0,16,42.75,-2750
17.0,17,35.17,2000
17.0,19,40.25,2500
17.0,20,35.89,-3000
17.0,23,43.47,-500
17.0,30,36.59,-3250
17.5,3,43.42,750
17.5,6,41.54,-500
17.5,7,39.88,1750
17.5,9,35.2,1750
17.5,13,42.84,1750
17.5,16,43.07,-2750
17.5,19,36.41,2500
17.5,23,44.39,-500
17.5,24,35.56,-6000
18.0,3,41.51,1000
18.0,6,41.78,-500
18.0,7,41.0,1750
18.0,10,36.2,500
18.0,13,41.82,1750
18.0,15,35.73,2250
18.0,16,42.18,-2750
18.0,19,39.33,2500
18.0,23,44.14,-500
18.0,30,35.34,-3250
18.0,32,35.24,-2500
18.5,1,35.8,-3500
18.5,2,35.56,2750
18.5,3,39.3,500
18.5,6,41.62,-500
18.5,7,38.62,1750
18.5,10,37.0,750
18.5,11,35.12,4500
18.5,13,42.67,1750
18.5,16,43.51,-2750
18.5,19,39.47,2500
18.5,20,35.5,-3000
18.5,23,44.05,-500
18.5,30,35.71,-3250
18.5,32,36.73,4500
19.0,3,38.99,1000
19.0,6,42.31,-500
19.0,7,40.37,1750
19.0,10,35.67,750
19.0,12,35.78,-750
19.0,13,42.23,1750
19.0,14,35.08,-2000
19.0,16,43.15,-2750
19.0,19,38.88,2500
19.0,20,35.04,-1250
19.0,23,44.09,-500
19.0,24,36.27,2500
19.0,30,36.03,-3250
19.5,3,40.8,1000
19.5,6,41.0,-500
19.5,7,39.89,1750
19.5,8,35.49,-3250
19.5,10,35.13,750
19.5,13,41.95,1750
19.5,16,43.28,-2750
19.5,19,38.64,2500
19.5,21,35.36,1000
19.5,23,42.83,-500
19.5,30,35.03,-3250
20.0,3,42.78,750
20.0,6,42.43,-500
20.0,7,40.84,1750
20.0,8,36.95,-4750
20.0,13,41.81,1750
20.0,15,35.2,3500
20.0,16,41.84,-2750
20.0,19,40.0,2500
20.0,20,36.18,-3000
20.0,21,35.62,1250
20.0,22,35.37,1250
20.0,23,44.58,-500
20.0,24,35.04,5000
20.0,26,35.18,1000
20.0,30,36.05,4750
20.5,3,43.38,750
20.5,6,41.37,-500
20.5,7,39.41,1750
20.5,8,35.45,-250
20.5,13,43.27,1750
20.5,16,42.25,-2750
20.5,19,38.67,2500
20.5,20,38.23,-3000
20.5,21,35.57,-4500
20.5,23,44.8,-500
20.5,29,35.36,-3500
21.0,3,39.26,1000
21.0,6,42.92,-500
21.0,7,40.36,1750
21.0,10,35.9,750
21.0,13,41.12,1750
21.0,15,35.37,-5250
21.0,16,42.98,-2750
21.0,18,35.13,5750
21.0,19,40.11,2500
21.0,22,35.2,-1500
21.0,23,43.88,-500
21.5,3,42.67,750
21.5,6,42.34,-500
21.5,7,39.29,1750
21.5,10,36.08,750
21.5,12,35.02,2250
21.5,13,42.68,1750
21.5,16,41.19,-2750
21.5,19,37.72,2500
21.5,22,35.05,500
21.5,23,44.33,-500
21.5,24,35.51,5750
21.5,26,35.1,-1000
21.5,28,35.19,-4000
21.5,30,35.2,-5250
22.0,3,39.85,1000
22.0,4,35.26,-3750
22.0,6,43.26,-500
22.0,7,40.28,1750
22.0,10,35.81,0
22.0,11,35.03,-6000
22.0,13,42.38,1750
22.0,16,43.01,-2750
22.0,19,39.37,2500
22.0,21,35.08,0
22.0,23,43.6,-500
22.0,26,35.5,-5750
22.0,27,35.1,4500
22.0,28,35.3,-2000
22.0,30,35.91,-3250
22.0,32,35.19,4250
22.5,3,43.32,750
22.5,4,35.21,1750
22.5,6,41.67,-500
22.5,7,39.21,1750
22.5,8,35.48,-2500
22.5,12,35.04,1500
22.5,13,42.94,1750
22.5,16,42.92,-2750
22.5,19,40.09,2500
22.5,23,43.87,-500
22.5,30,36.83,-3250
22.5,32,35.45,-3000
23.0,2,35.44,-5500
23.0,3,39.52,500
23.0,4,35.71,-4250
23.0,6,41.63,-500
23.0,7,39.29,1750
23.0,9,35.8,-3500
23.0,12,35.08,2000
23.0,13,42.14,1750
23.0,14,35.74,-250
23.0,16,42.95,-2750
23.0,19,40.03,2500
23.0,23,44.54,-500
23.5,3,43.28,750
23.5,6,40.34,-500
23.5,7,38.58,1750
23.5,8,35.06,750
23.5,10,35.36,-4500
23.5,13,43.59,1750
23.5,16,43.06,-2750
23.5,18,35.03,1250
23.5,19,38.51,2500
23.5,20,37.07,-3000
23.5,22,35.33,4500
23.5,23,44.62,-500
23.5,30,36.11,-3250
23.5,32,35.45,-3000
24.0,2,35.1,-1750
24.0,3,43.52,750
24.0,6,41.0,-500
24.0,7,37.94,2000
24.0,13,43.1,1750
24.0,16,43.45,-2750
24.0,19,38.11,2750
24.0,23,44.01,-500
24.0,27,35.19,-1750
24.0,31,35.19,-4250
24.0,32,35.69,1500
24.5,3,42.43,750
24.5,6,40.24,-500
24.5,7,37.89,1750
24.5,13,43.07,1750
24.5,16,42.81,-2750
24.5,18,35.93,1000
24.5,19,38.88,2500
24.5,20,35.13,-250
24.5,22,35.44,-4250
24.5,23,43.92,-500
25.0,3,40.33,1000
25.0,6,41.77,-500
25.0,7,40.35,1750
25.0,10,35.46,-5500
25.0,13,41.58,1750
25.0,15,35.13,-1250
25.0,16,42.98,-2750
25.0,19,37.66,2750
25.0,20,35.11,-3000
25.0,23,44.86,-500
25.0,28,35.37,-3250
25.0,30,37.63,-3250
25.0,32,35.93,-3000
25.5,3,42.95,750
25.5,6,41.67,-500
25.5,7,40.0,1750
25.5,10,36.92,750
25.5,13,42.61,1750
25.5,14,35.17,-2250
25.5,16,43.0,-2750
25.5,18,35.51,-1000
25.5,19,36.96,2500
25.5,23,44.05,-500
25.5,26,35.23,1250
25.5,28,35.13,-2500
26.0,1,35.39,-4000
26.0,3,43.36,750
26.0,4,35.47,250
26.0,6,42.21,-500
26.0,7,39.3,1750
26.0,13,43.58,1750
26.0,16,43.61,-2750
26.0,19,38.66,2500
26.0,23,44.83,-500
26.0,25,35.15,2750
26.0,30,35.16,-3250
26.0,32,35.03,-4250
26.5,1,35.07,-4500
26.5,3,42.58,750
26.5,6,42.13,-500
26.5,7,38.67,1750
26.5,11,35.26,-500
26.5,13,42.37,1750
26.5,14,35.49,-1250
26.5,16,42.43,-2750
26.5,19,39.29,2500
26.5,20,35.12,-4000
26.5,23,43.64,-500
26.5,24,36.5,-4750
26.5,25,35.64,4250
26.5,32,35.36,5750
27.0,1,35.48,-3000
27.0,2,35.64,-500
27.0,3,40.68,1000
27.0,6,40.97,-500
27.0,7,38.89,1750
27.0,10,36.06,750
27.0,11,35.17,-2500
27.0,13,40.89,2000
27.0,15,35.33,-4000
27.0,16,42.24,-2750
27.0,19,39.17,2750
27.0,20,37.52,-3000
27.0,23,43.99,-500
27.0,25,35.13,-750
27.5,3,44.11,750
27.5,6,41.34,-500
27.5,7,38.91,1750
27.5,8,35.35,-4750
27.5,10,36.89,500
27.5,11,35.03,-5500
27.5,13,41.19,1750
27.5,16,43.06,-2750
27.5,19,40.05,2500
27.5,20,35.37,-4750
27.5,22,35.17,-5250
27.5,23,44.01,-500
28.0,3,40.88,500
28.0,4,35.05,500
28.0,5,35.03,1000
28.0,6,41.48,-500
28.0,7,39.63,1750
28.0,13,42.93,1750
28.0,16,43.26,-2750
28.0,18,35.01,4000
28.0,19,40.25,2500
28.0,23,43.34,-500
28.0,26,35.61,-3750
28.0,27,35.1,5000
28.0,30,35.89,-3250
28.5,3,43.48,750
28.5,6,42.08,-500
28.5,7,38.57,1750
28.5,13,43.01,1750
28.5,16,43.3,-2750
28.5,19,39.46,2500
28.5,20,36.45,-3000
28.5,23,44.38,-500
28.5,24,35.05,5750
29.0,3,40.2,500
29.0,6,41.27,-500
29.0,7,37.56,2000
29.0,13,44.2,1750
29.0,14,35.45,5750
29.0,16,43.96,-2750
29.0,19,38.0,2750
29.0,20,36.39,-3000
29.0,22,35.37,4500
29.0,23,43.17,-500
29.0,29,35.72,4250
29.0,30,36.17,-3250
29.0,31,35.04,2000
29.5,3,40.98,500
29.5,6,42.07,-500
29.5,7,39.86,1750
29.5,10,35.48,-1000
29.5,13,41.6,1750
29.5,14,35.07,1500
29.5,15,35.27,2500
29.5,16,43.73,-2750
29.5,19,40.63,2500
29.5,23,43.87,-500
29.5,27,35.16,-2250
29.5,28,35.66,3250
29.5,30,35.64,-3250
30.0,3,40.18,1000
30.0,4,35.92,0
30.0,6,41.25,-500
30.0,7,37.73,2000
30.0,8,35.03,500
30.0,11,35.04,3500
30.0,13,41.77,1750
30.0,16,42.71,-2750
30.0,19,39.51,2500
30.0,21,35.46,5250
30.0,23,43.14,-500
30.0,25,35.23,-750
30.0,26,36.0,-4000
30.0,27,35.34,5250
30.0,30,35.74,500
30.0,31,35.44,1750
30.0,32,35.28,-5750
30.5,1,35.23,-2750
30.5,3,44.17,750
30.5,6,40.87,-500
30.5,7,38.67,1750
30.5,10,35.29,-5250
30.5,13,42.81,1750
30.5,15,35.23,5750
30.5,16,43.31,-2750
30.5,18,35.6,1750
30.5,19,39.01,2500
30.5,23,43.86,-500
30.5,28,35.09,1250
30.5,29,36.83,4250
30.5,30,35.63,-3250
30.5,31,35.77,0
31.0,3,40.14,1000
31.0,5,35.44,3500
31.0,6,42.56,-500
31.0,7,40.97,1750
31.0,8,35.13,5000
31.0,11,35.33,3500
31.0,13,44.11,1750
31.0,16,43.55,-2750
31.0,18,35.06,-2000
31.0,19,38.31,2750
31.0,20,36.93,-3000
31.0,21,35.65,2500
31.0,23,42.95,-500
31.0,31,35.03,4250
31.5,2,35.05,-3000
31.5,3,42.2,750
31.5,4,35.48,1500
31.5,6,41.18,-500
31.5,7,38.21,2000
31.5,8,35.18,-4000
31.5,9,35.38,-500
31.5,10,35.38,-2250
31.5,12,35.93,-1250
31.5,13,42.78,1750
31.5,16,42.38,-2750
31.5,19,37.72,2500
31.5,23,43.43,-500
32.0,3,40.37,1000
32.0,6,40.93,-500
32.0,7,38.98,1750
32.0,9,35.35,5500
32.0,13,43.45,1750
32.0,16,42.66,-2750
32.0,18,35.63,-5750
32.0,19,39.81,2500
32.0,20,36.78,-3000
32.0,23,43.36,-500
32.0,30,35.71,-3250
32.5,3,44.38,750
32.5,6,41.6,-500
32.5,7,39.41,1750
32.5,9,35.75,750
32.5,13,41.11,2000
32.5,16,43.42,-2750
32.5,19,38.09,2750
32.5,23,44.52,-500
32.5,30,35.52,-3250
33.0,3,39.31,1000
33.0,6,41.21,-500
33.0,7,39.67,1750
33.0,13,41.5,1750
33.0,15,35.13,-3500
33.0,16,42.46,-2750
33.0,19,40.17,2750
33.0,20,35.82,-1250
33.0,22,35.01,500
33.0,23,43.62,-500
33.0,26,35.34,2250
33.0,30,35.43,-3250
33.0,31,35.41,4250
33.5,1,35.24,1000
33.5,3,43.0,750
33.5,6,42.2,-500
33.5,7,39.6,1750
33.5,12,35.28,2500
33.5,13,43.03,1750
33.5,16,43.19,-2750
33.5,19,39.14,2500
33.5,20,36.32,-3000
33.5,23,43.72,-500
33.5,24,35.06,3000
33.5,28,35.5,-5000
33.5,30,35.56,-3250
33.5,31,35.03,3750
34.0,2,35.37,5000
34.0,3,43.16,750
34.0,6,41.55,-500
34.0,7,38.2,1750
34.0,9,35.01,-1500
34.0,13,43.41,1750
34.0,16,42.73,-2750
34.0,19,39.44,2500
34.0,20,35.6,-3000
34.0,23,44.21,-500
34.0,26,35.33,1750
34.0,30,37.2,-3250
34.5,2,35.27,-1500
34.5,3,40.04,1000
34.5,6,41.8,-500
34.5,7,39.02,1750
34.5,9,35.11,5750
34.5,10,35.56,750
34.5,13,43.65,1750
34.5,16,43.3,-2750
34.5,19,38.29,2500
34.5,20,37.23,-3000
34.5,23,43.54,-500
34.5,26,35.06,-1500
34.5,29,35.17,-1500
35.0,3,39.93,1000
35.0,6,41.42,-500
35.0,7,39.22,1750
35.0,10,35.97,750
35.0,12,35.53,1750
35.0,13,42.45,1750
35.0,14,35.41,5250
35.0,16,42.85,-2750
35.0,19,40.13,2500
35.0,20,35.76,-6000
35.0,21,35.35,1750
35.0,23,44.3,-500
35.0,25,36.15,750
35.0,26,35.08,500
35.0,30,37.21,-3250
35.5,3,43.28,750
35.5,6,40.28,-500
35.5,7,38.93,1750
35.5,9,35.32,0
35.5,13,42.11,1750
35.5,15,35.46,-4250
35.5,16,42.55,-2750
35.5,19,38.85,2500
35.5,20,35.06,3750
35.5,23,44.32,-500
35.5,26,35.02,750
35.5,29,35.46,-3000
36.0,2,35.25,3750
36.0,3,43.38,750
36.0,4,35.4,3000
36.0,6,41.28,-500
36.0,7,39.18,1750
36.0,9,35.23,1500
36.0,13,44.27,1750
36.0,14,35.13,2000
36.0,16,43.95,-2750
36.0,18,35.44,-5750
36.0,19,39.32,2500
36.0,21,35.19,-5000
36.0,23,43.98,-500
36.0,31,35.11,0
36.5,3,43.99,750
36.5,6,42.2,-500
36.5,7,38.88,1750
36.5,8,35.44,-6000
36.5,9,36.23,5750
36.5,10,35.19,-1000
36.5,13,41.75,1750
36.5,16,43.67,-2750
36.5,19,39.87,2500
36.5,23,43.31,-500
36.5,30,35.74,-3250
37.0,3,39.36,500
37.0,4,35.28,-500
37.0,6,42.25,-500
37.0,7,38.63,1750
37.0,9,35.01,-1500
37.0,10,35.87,750
37.0,11,35.26,3250
37.0,12,35.05,3500
37.0,13,42.77,1750
37.0,16,42.41,-2750
37.0,19,39.5,2500
37.0,23,43.57,-500
37.0,30,38.35,-3250
37.5,2,35.08,4500
37.5,3,39.91,1000
37.5,5,35.06,-5500
37.5,6,39.96,-500
37.5,7,39.85,1750
37.5,8,35.66,-250
37.5,13,42.12,1750
37.5,16,42.77,-2750
37.5,18,36.11,-1750
37.5,19,39.53,2500
37.5,20,36.36,-3000
37.5,23,43.81,-500
37.5,25,35.5,4250
37.5,30,35.05,-5000
37.5,31,35.02,500
38.0,2,35.32,3750
38.0,3,43.8,750
38.0,6,41.35,-500
38.0,7,39.1,1750
38.0,13,42.19,1750
38.0,16,42.79,-2750
38.0,19,39.46,2500
38.0,20,35.79,-3000
38.0,23,43.72,-500
38.0,29,35.12,5500
38.0,30,35.03,-3250
38.5,3,38.74,1000
38.5,6,41.48,-500
38.5,7,38.68,1750
38.5,8,35.01,4000
38.5,11,35.09,5750
38.5,13,42.33,1750
38.5,16,42.83,-2750
38.5,19,39.56,2500
38.5,20,35.81,-3000
38.5,23,44.07,-500
38.5,28,35.22,500
38.5,29,35.47,2250
38.5,30,35.44,-3250
39.0,2,35.21,-5000
39.0,3,39.86,1000
39.0,5,35.14,3500
39.0,6,41.94,-500
39.0,7,39.04,1750
39.0,13,40.44,1750
39.0,16,42.87,-2750
39.0,18,35.03,-2250
39.0,19,40.72,2500
39.0,20,35.7,-3000
39.0,21,35.09,1750
39.0,23,44.14,-500
39.0,30,36.87,-3250
39.0,31,35.32,-2250
39.5,1,35.39,0
39.5,3,42.71,750
39.5,6,42.3,-500
39.5,7,37.7,1750
39.5,13,43.81,1750
39.5,15,35.17,2750
39.5,16,43.61,-2750
39.5,19,39.05,2500
39.5,20,35.49,-3000
39.5,23,44.11,-500
39.5,25,35.14,5500
39.5,32,35.48,-3000
40.0,1,35.08,-5000
40.0,3,41.77,1000
40.0,5,35.63,-3000
40.0,6,42.09,-500
40.0,7,39.07,1750
40.0,10,35.5,4750
40.0,13,42.03,1750
40.0,16,43.24,-2750
40.0,19,39.15,2500
40.0,20,35.55,-3000
40.0,22,35.3,-4000
40.0,23,43.34,-500
40.0,27,35.19,-5000
40.0,32,35.03,-3000
40.5,3,39.36,1000
40.5,4,35.31,-6000
40.5,6,41.5,-500
40.5,7,39.16,1750
40.5,13,40.61,2000
40.5,16,43.21,-2750
40.5,19,39.42,2500
40.5,20,37.2,-3000
40.5,23,43.92,-500
40.5,27,35.01,2000
40.5,30,35.53,-3250
41.0,3,39.89,500
41.0,5,35.03,5500
41.0,6,41.89,-500
41.0,7,39.19,1750
41.0,9,35.17,-3000
41.0,13,40.87,1750
41.0,14,35.36,-4500
41.0,16,42.65,-2750
41.0,19,39.01,2750
41.0,21,35.06,-3500
41.0,22,35.06,1000
41.0,23,44.59,-500
41.0,26,35.02,-4500
41.0,27,35.12,1500
41.0,29,35.11,5000
41.0,32,35.06,-3000
41.5,3,43.6,750
41.5,6,41.28,-500
41.5,7,36.84,1750
41.5,8,35.45,3250
41.5,10,35.94,4250
41.5,11,35.09,2000
41.5,13,42.5,1750
41.5,16,41.64,-2750
41.5,19,39.51,2500
41.5,23,44.58,-500
41.5,30,35.8,-3250
42.0,3,45.03,750
42.0,6,41.52,-500
42.0,7,38.62,1750
42.0,13,41.11,1750
42.0,15,35.33,4250
42.0,16,43.19,-2750
42.0,19,38.78,2500
42.0,20,37.06,-3000
42.0,23,44.36,-500
42.0,25,35.43,-4250
42.0,28,35.18,-4250
42.0,30,36.67,-3250
42.5,3,39.46,500
42.5,6,41.18,-500
42.5,7,39.06,1750
42.5,8,35.46,-2000
42.5,11,35.65,-750
42.5,13,41.61,1750
42.5,16,43.19,-2750
42.5,19,40.2,2500
42.5,20,35.24,-3000
42.5,21,35.07,-5250
42.5,23,44.26,-500
42.5,30,36.6,-3250
43.0,3,43.86,750
43.0,4,35.14,-4500
43.0,5,35.11,2750
43.0,6,41.3,-500
43.0,7,39.76,1750
43.0,13,42.35,1750
43.0,16,42.35,-2750
43.0,19,39.88,2500
43.0,23,43.76,-500
43.0,26,35.28,2500
43.0,27,35.03,3000
43.0,28,35.35,-5250
43.5,3,43.54,750
43.5,6,42.0,-500
43.5,7,37.28,1750
43.5,13,43.71,1750
43.5,14,35.07,4000
43.5,16,42.11,-2750
43.5,19,39.92,2500
43.5,20,35.47,-3000
43.5,23,44.22,-500
43.5,30,35.52,-3250
44.0,3,43.45,750
44.0,6,41.83,-500
44.0,7,39.7,1750
44.0,13,42.77,1750
44.0,16,43.0,-2750
44.0,19,39.2,2500
44.0,23,43.38,-500
44.0,25,35.9,4250
44.0,26,35.06,-4500
44.5,3,42.64,750
44.5,4,35.0,0
44.5,6,41.28,-500
44.5,7,36.12,1750
44.5,13,43.13,1750
44.5,16,42.7,-2750
44.5,17,35.27,-3750
44.5,19,38.11,2500
44.5,20,36.17,-3000
44.5,23,44.36,-500
44.5,26,35.31,-1750
44.5,29,35.09,1500
44.5,30,37.6,-3250
45.0,3,41.23,1000
45.0,6,42.08,-500
45.0,7,40.29,1750
45.0,10,36.75,750
45.0,13,40.7,1750
45.0,16,41.4,-2750
45.0,19,39.32,2500
45.0,20,37.53,-3000
45.0,23,43.99,-500
45.5,3,43.92,750
45.5,6,42.21,-500
45.5,7,40.08,1750
45.5,8,35.7,2250
45.5,13,42.55,1750
45.5,16,42.85,-2750
45.5,19,39.33,2500
45.5,20,36.49,-3000
45.5,23,44.34,-500
45.5,25,35.19,-500
45.5,30,35.37,-3250
46.0,3,39.03,1000
46.0,5,35.7,-3750
46.0,6,41.13,-500
46.0,7,39.54,1750
46.0,10,35.03,750
46.0,13,41.76,1750
46.0,14,35.5,1500
46.0,16,42.6,-2750
46.0,19,36.95,2500
46.0,20,37.48,-3000
46.0,22,35.03,3750
46.0,23,44.06,-500
46.0,27,35.1,-3250
46.5,3,43.56,750
46.5,6,40.11,-500
46.5,7,39.35,1750
46.5,10,35.23,-5750
46.5,13,43.04,1750
46.5,16,43.37,-2750
46.5,17,35.35,4500
46.5,19,39.99,2500
46.5,20,35.71,-3000
46.5,23,44.1,-500
46.5,25,35.41,250
46.5,27,35.71,3750
46.5,28,35.5,-1750
47.0,3,42.9,750
47.0,6,41.46,-500
47.0,7,37.59,1750
47.0,13,43.11,1750
47.0,16,43.0,-2750
47.0,19,39.6,2500
47.0,23,43.97,-500
47.0,24,35.45,1750
47.0,30,35.63,500
47.5,3,43.79,750
47.5,6,40.49,-500
47.5,7,39.02,1750
47.5,13,43.61,1750
47.5,16,43.0,-2750
47.5,18,35.0,3000
47.5,19,40.08,2500
47.5,20,36.17,-3000
47.5,21,35.07,-2000
47.5,22,35.58,4250
47.5,23,44.29,-500
47.5,24,35.1,-2500
47.5,25,35.03,-2250
47.5,30,37.31,-3250
48.0,2,36.26,4000
48.0,3,42.82,750
48.0,6,41.25,-500
48.0,7,39.56,1750
48.0,8,35.02,2000
48.0,13,42.86,1750
48.0,14,35.23,-1000
48.0,16,42.41,-2750
48.0,19,38.11,2500
48.0,23,44.08,-500
48.0,24,35.2,-1000
48.0,25,35.33,5250
48.0,28,36.43,-1750
48.5,3,40.57,500
48.5,6,40.55,-500
48.5,7,39.15,1750
48.5,13,42.3,1750
48.5,16,43.15,-2750
48.5,19,37.18,2500
48.5,20,36.49,-3000
48.5,23,44.33,-500
48.5,30,35.94,-3250
48.5,31,35.2,-1250
48.5,32,35.31,-3000
49.0,3,43.25,750
49.0,6,41.36,-500
49.0,7,39.06,1750
49.0,12,35.08,-2750
49.0,13,43.18,1750
49.0,16,42.14,-2750
49.0,19,37.22,2500
49.0,23,44.27,-500
49.0,31,35.07,-3250
49.0,32,35.7,-3000
49.5,3,39.95,500
49.5,6,42.81,-500
49.5,7,38.33,1750
49.5,13,40.74,1750
49.5,16,43.33,-2750
49.5,17,35.2,3000
49.5,19,38.39,2500
49.5,20,35.32,-3000
49.5,21,36.05,-4750
49.5,23,44.14,-500
49.5,24,35.06,-750
50.0,3,42.41,750
50.0,4,35.27,-2750
50.0,6,41.39,-500
50.0,7,38.9,1750
50.0,10,35.5,500
50.0,13,42.19,1750
50.0,16,43.41,-2750
50.0,19,38.42,2500
50.0,23,44.82,-500
50.0,24,35.16,1000
50.0,29,35.83,-250
50.5,3,43.3,750
50.5,6,41.41,-500
50.5,7,37.69,2000
50.5,8,35.21,1750
50.5,10,35.59,750
50.5,13,43.45,1750
50.5,14,35.07,2500
50.5,15,35.52,5750
50.5,16,42.71,-2750
50.5,18,36.56,-4750
50.5,19,38.11,2500
50.5,20,35.59,-3000
50.5,22,35.62,750
50.5,23,43.87,-500
50.5,25,35.27,3500
50.5,26,35.06,-250
50.5,28,35.63,-1250
50.5,30,35.77,-3250
51.0,3,38.98,500
51.0,5,35.09,2000
51.0,6,42.41,-500
51.0,7,39.59,1750
51.0,12,35.46,1500
51.0,13,41.95,1750
51.0,16,41.67,-2750
51.0,19,39.4,2750
51.0,23,44.82,-500
51.0,27,35.95,-1250
51.5,3,44.0,750
51.5,6,40.45,-500
51.5,7,37.33,1750
51.5,10,35.15,1000
51.5,13,43.91,1750
51.5,14,36.0,0
51.5,15,35.36,3500
51.5,16,43.44,-2750
51.5,19,40.03,2500
51.5,23,44.61,-500
51.5,26,35.37,0
51.5,30,35.21,-3250
52.0,3,39.25,1000
52.0,6,41.68,-500
52.0,7,39.23,1750
52.0,8,35.12,-1500
52.0,11,35.36,-1250
52.0,13,42.34,1750
52.0,16,41.21,-2750
52.0,19,37.78,2500
52.0,23,43.46,-500
52.0,26,35.62,2500
52.0,29,35.64,-1750
52.0,31,35.01,5250
52.0,32,35.23,-6000
52.5,3,42.65,750
52.5,5,35.77,250
52.5,6,41.71,-500
52.5,7,39.14,2000
52.5,8,36.05,750
52.5,10,35.27,-5500
52.5,13,44.4,1750
52.5,16,43.02,-2750
52.5,19,38.42,2500
52.5,20,36.01,-3000
52.5,21,35.44,-2250
52.5,22,35.04,2250
52.5,23,44.72,-500
52.5,26,35.07,0
52.5,28,35.06,-1250
52.5,29,35.04,-3000
52.5,31,35.03,-2000
53.0,3,39.62,500
53.0,6,41.14,-500
53.0,7,39.11,1750
53.0,10,35.13,2000
53.0,11,35.55,3750
53.0,13,42.49,1750
53.0,16,42.82,-2750
53.0,19,40.24,2500
53.0,22,35.05,3000
53.0,23,44.43,-500
53.0,25,35.55,2000
53.0,26,35.2,-3750
53.0,30,35.35,3750
53.0,31,35.77,3500
53.5,3,43.7,750
53.5,6,41.26,-500
53.5,7,37.98,1750
53.5,13,42.84,1750
53.5,15,35.18,1000
53.5,16,43.38,-2750
53.5,19,41.28,2500
53.5,20,36.46,-3000
53.5,21,35.51,-2000
53.5,22,35.2,5250
53.5,23,44.73,-500
53.5,30,35.13,-3250
53.5,31,35.24,1500
53.5,32,35.29,-3000
54.0,1,35.25,-250
54.0,2,35.13,2000
54.0,3,43.89,750
54.0,6,40.22,-500
54.0,7,39.3,1750
54.0,11,35.96,2000
54.0,12,35.08,4500
54.0,13,43.3,1750
54.0,16,43.0,-2750
54.0,19,38.88,2500
54.0,23,44.32,-500
54.0,28,35.55,1750
54.0,29,35.09,3750
54.5,3,42.86,750
54.5,6,41.71,-500
54.5,7,38.41,1750
54.5,13,43.89,1750
54.5,15,35.75,5000
54.5,16,41.91,-2750
54.5,19,38.21,2500
54.5,20,37.15,-3000
54.5,23,43.08,-500
54.5,25,35.84,-3750
54.5,29,35.02,-2250
54.5,32,36.07,-3000
55.0,3,39.44,500
55.0,4,35.03,500
55.0,6,40.29,-500
55.0,7,39.82,1750
55.0,13,41.68,1750
55.0,16,42.69,-2750
55.0,19,40.19,2500
55.0,20,36.07,-5500
55.0,23,43.92,-500
55.0,24,35.22,3250
55.0,27,35.21,-250
55.5,3,44.23,750
55.5,6,41.93,-500
55.5,7,37.87,1750
55.5,13,43.11,1750
55.5,16,43.62,-2750
55.5,19,40.79,2500
55.5,21,35.12,-4250
55.5,22,35.67,500
55.5,23,43.76,-500
55.5,32,35.24,750
56.0,3,43.96,750
56.0,6,41.14,-500
56.0,7,39.05,1750
56.0,8,35.34,4250
56.0,10,35.74,500
56.0,11,35.13,2000
56.0,12,35.35,-3000
56.0,13,42.76,1750
56.0,16,42.76,-2750
56.0,18,35.27,1250
56.0,19,38.5,2500
56.0,20,35.76,-3000
56.0,23,44.02,-500
56.0,30,35.41,-3250
56.0,31,35.24,750
56.5,2,35.31,-5500
56.5,3,43.26,750
56.5,6,40.91,-500
56.5,7,38.81,1750
56.5,11,35.46,2000
56.5,13,40.92,1750
56.5,14,35.08,500
56.5,16,41.68,-2750
56.5,19,39.44,2500
56.5,23,44.45,-500
56.5,24,35.01,-4250
56.5,29,35.72,5500
56.5,31,35.06,-500
56.5,32,35.02,-4000
57.0,3,40.33,500
57.0,6,40.96,-500
57.0,7,38.9,1750
57.0,13,41.14,1750
57.0,16,41.85,-2750
57.0,17,35.26,5000
57.0,19,39.7,2500
57.0,22,35.61,-2750
57.0,23,44.04,-500
57.5,3,43.43,750
57.5,4,35.5,1000
57.5,6,41.75,-500
57.5,7,39.98,1750
57.5,12,35.31,-2250
57.5,13,43.51,1750
57.5,16,41.32,-2750
57.5,18,35.2,1750
57.5,19,40.32,2500
57.5,20,35.57,-3000
57.5,23,44.67,-500
57.5,29,35.65,-5500
58.0,3,37.96,500
58.0,4,35.04,-2250
58.0,6,40.93,-500
58.0,7,38.79,1750
58.0,8,35.31,4750
58.0,13,41.5,1750
58.0,14,35.02,1750
58.0,15,35.42,-5750
58.0,16,42.48,-2750
58.0,17,35.54,-2000
58.0,19,40.42,2500
58.0,20,36.46,-3000
58.0,23,44.65,-500
58.0,25,35.35,5250
58.0,30,35.12,-3250
58.5,1,35.18,5000
58.5,3,42.09,750
58.5,4,35.31,3250
58.5,6,41.43,-500
58.5,7,38.02,1750
58.5,11,35.25,1500
58.5,13,42.71,1750
58.5,16,42.65,-2750
58.5,17,35.24,-750
58.5,19,38.69,2500
58.5,20,36.78,-3000
58.5,23,44.41,-500
58.5,27,35.06,-5750
58.5,28,35.09,-5500
58.5,32,35.01,3250
59.0,3,40.55,500
59.0,6,40.79,-500
59.0,7,41.08,1750
59.0,9,35.88,1250
59.0,10,35.23,0
59.0,11,35.21,2000
59.0,12,35.3,500
59.0,13,44.3,1750
59.0,16,43.09,-2750
59.0,19,40.47,2500
59.0,20,36.24,-3000
59.0,23,43.66,-500
59.0,25,35.47,-4750
59.0,30,35.9,5250
59.5,2,35.24,-750
59.5,3,40.97,1000
59.5,6,40.34,-500
59.5,7,39.76,1750
59.5,9,35.39,-750
59.5,11,36.11,2000
59.5,13,41.05,1750
59.5,16,41.82,-2750
59.5,17,35.08,5500
59.5,19,37.27,2500
59.5,20,36.27,-3000
59.5,23,44.64,-500
59.5,31,35.15,-2000
59.5,32,35.34,4750
60.0,3,39.52,1000
60.0,6,41.43,-500
60.0,7,39.85,1750
60.0,8,35.97,-2750
60.0,13,41.4,1750
60.0,16,41.98,-2750
60.0,19,39.59,2500
60.0,20,35.49,-3000
60.0,23,44.23,-500
60.5,2,36.05,-2750
60.5,3,42.86,750
60.5,6,40.86,-500
60.5,7,37.88,1750
60.5,9,35.25,-1750
60.5,13,40.49,1750
60.5,16,41.03,-2750
60.5,17,35.31,-4500
60.5,19,38.21,2500
60.5,20,37.05,-3000
60.5,21,35.31,2000
60.5,23,43.5,-500
61.0,2,35.99,1500
61.0,3,40.46,1000
61.0,6,40.94,-500
61.0,7,39.97,1750
61.0,10,35.52,500
61.0,11,35.14,2000
61.0,13,43.48,1750
61.0,14,35.63,1000
61.0,16,41.88,-2750
61.0,17,35.52,5500
61.0,19,40.11,2500
61.0,23,44.24,-500
61.0,25,35.1,5500
61.5,2,35.31,-4750
61.5,3,44.27,750
61.5,6,42.38,-500
61.5,7,41.37,1750
61.5,13,43.09,1750
61.5,15,36.41,1250
61.5,16,41.98,-2750
61.5,18,35.64,3750
61.5,19,37.97,2500
61.5,23,44.07,-500
61.5,24,35.08,-1750
61.5,30,35.34,4750
61.5,31,35.29,0
62.0,2,35.21,-3500
62.0,3,39.7,1000
62.0,6,41.85,-500
62.0,7,40.44,1750
62.0,13,43.14,1750
62.0,16,41.5,-2750
62.0,18,35.99,0
62.0,19,41.04,2500
62.0,20,36.98,-3000
62.0,23,44.62,-500
62.0,30,35.05,3000
62.0,32,35.47,750
62.5,3,43.52,750
62.5,4,35.44,-4250
62.5,6,40.99,-500
62.5,7,42.03,1750
62.5,10,35.69,500
62.5,13,41.29,1750
62.5,16,41.93,-2750
62.5,19,39.74,2500
62.5,20,37.55,-3000
62.5,21,35.27,2250
62.5,23,44.08,-500
62.5,27,35.09,-5000
62.5,28,35.82,-6000
62.5,30,35.32,-3250
63.0,3,36.78,500
63.0,4,35.38,-3750
63.0,6,42.19,-500
63.0,7,40.4,1750
63.0,9,35.12,-3750
63.0,11,35.89,2000
63.0,13,41.32,1750
63.0,16,41.07,-2750
63.0,19,40.33,2500
63.0,20,35.97,-3000
63.0,21,35.22,-2000
63.0,22,35.55,1500
63.0,23,44.6,-500
63.0,29,35.26,-4500
63.5,1,36.33,3250
63.5,3,43.71,750
63.5,6,40.41,-500
63.5,7,39.57,1750
63.5,13,43.38,1750
63.5,16,41.84,-2750
63.5,19,39.19,2500
63.5,23,44.05,-500
63.5,30,35.12,5000
63.5,31,35.11,-5250
63.5,32,35.02,-6000
64.0,3,43.79,750
64.0,4,35.39,-4500
64.0,6,39.48,-500
64.0,7,38.36,1750
64.0,8,36.01,-4250
64.0,13,43.04,1750
64.0,16,41.23,-2750
64.0,19,39.9,2500
64.0,21,35.1,-4250
64.0,23,45.13,-500
64.0,25,35.63,4500
64.0,26,35.09,1000
64.0,30,35.77,4250
64.5,3,39.47,500
64.5,5,35.34,1500
64.5,6,41.2,-500
64.5,7,39.96,1750
64.5,13,43.23,1750
64.5,16,42.23,-2750
64.5,17,35.17,2750
64.5,19,39.8,2500
64.5,20,36.58,-3000
64.5,23,43.88,-500
64.5,25,35.4,4000
64.5,30,35.58,-3250
65.0,3,38.57,1000
65.0,6,38.86,-500
65.0,7,39.55,1750
65.0,8,35.09,-4750
65.0,13,41.03,1750
65.0,14,35.24,-5250
65.0,16,43.03,-2750
65.0,17,35.53,2000
65.0,19,38.7,2500
65.0,20,36.53,-3000
65.0,23,43.82,-500
65.0,25,35.6,3000
65.0,27,35.12,-3750
65.0,32,35.62,-3000
65.5,2,35.68,-5000
65.5,3,44.06,750
65.5,6,40.47,-500
65.5,7,36.74,1750
65.5,13,40.88,1750
65.5,14,35.42,-3250
65.5,16,42.85,-2750
65.5,19,37.68,2500
65.5,23,44.17,-500
65.5,24,35.05,5000
66.0,3,43.49,750
66.0,6,41.18,-500
66.0,7,38.53,1750
66.0,9,35.18,-2500
66.0,10,36.11,750
66.0,12,35.23,4000
66.0,13,43.93,1750
66.0,16,43.41,-2750
66.0,18,35.54,3500
66.0,19,38.26,2500
66.0,20,38.04,-3000
66.0,23,43.73,-500
66.0,26,35.39,3000
66.5,1,35.04,750
66.5,3,43.49,750
66.5,6,40.77,-500
66.5,7,39.12,1750
66.5,10,35.46,3000
66.5,13,40.7,1750
66.5,14,35.12,3750
66.5,16,42.19,-2750
66.5,19,41.25,2500
66.5,20,35.27,-3000
66.5,21,35.14,-3250
66.5,22,35.01,2750
66.5,23,44.0,-500
66.5,24,35.4,1000
66.5,32,35.4,-1500
67.0,2,35.28,-250
67.0,3,39.28,500
67.0,4,35.1,750
67.0,6,41.15,-500
67.0,7,37.98,1750
67.0,9,36.37,-2250
67.0,10,35.49,5500
67.0,13,43.18,1750
67.0,15,35.13,-1500
67.0,16,40.59,-2750
67.0,19,40.21,2500
67.0,20,35.41,-3000
67.0,23,43.95,-500
67.0,26,35.09,1750
67.0,30,37.12,-3250
67.5,3,40.7,500
67.5,6,41.68,-500
67.5,7,40.34,1750
67.5,10,35.92,500
67.5,13,42.55,1750
67.5,16,40.55,-2750
67.5,17,35.13,-4000
67.5,19,39.52,2500
67.5,20,37.21,-3000
67.5,21,35.1,3500
67.5,23,43.97,-500
67.5,27,35.8,-500
67.5,30,35.67,-3250
68.0,3,43.39,750
68.0,6,40.75,-500
68.0,7,38.48,1750
68.0,11,35.34,2000
68.0,13,41.86,1750
68.0,16,41.92,-2750
68.0,19,38.65,2500
68.0,20,35.72,-3000
68.0,21,35.26,-4250
68.0,23,44.11,-500
68.5,3,39.38,500
68.5,6,40.63,-500
68.5,7,39.62,1750
68.5,10,35.3,5750
68.5,13,42.11,1750
68.5,14,35.1,5500
68.5,15,35.23,-4750
68.5,16,41.0,-2750
68.5,19,38.92,2500
68.5,20,37.18,-3000
68.5,23,45.06,-500
68.5,27,35.1,-3500
68.5,28,35.05,3750
68.5,30,37.92,-3250
69.0,1,35.96,4500
69.0,3,39.9,500
69.0,4,35.44,2500
69.0,6,39.9,-500
69.0,7,38.1,2000
69.0,8,35.38,2250
69.0,13,41.89,1750
69.0,14,35.03,2000
69.0,15,35.57,-1750
69.0,16,41.44,-2750
69.0,19,40.38,2750
69.0,20,37.08,-3000
69.0,23,44.01,-500
69.0,30,35.02,-2500
69.5,3,43.08,750
69.5,6,41.49,-500
69.5,7,39.97,1750
69.5,10,35.14,-500
69.5,13,43.56,1750
69.5,16,40.79,-2750
69.5,19,39.54,2500
69.5,20,37.87,-3000
69.5,23,43.49,-500
69.5,30,35.24,-3250
70.0,1,35.06,-750
70.0,3,43.88,750
70.0,6,39.99,-500
70.0,7,37.65,1750
70.0,8,35.11,-5500
70.0,11,36.4,-2750
70.0,13,42.07,1750
70.0,16,42.06,-2750
70.0,19,39.89,2500
70.0,21,35.06,-4500
70.0,23,44.77,-500
70.0,30,36.53,-3250
70.5,3,44.21,750
70.5,5,35.01,-1500
70.5,6,42.15,-500
70.5,7,39.64,1750
70.5,12,35.34,-3750
70.5,13,42.82,1750
70.5,15,36.2,3750
70.5,16,40.89,-2750
70.5,19,37.56,2500
70.5,20,36.52,-3000
70.5,22,35.2,750
70.5,23,44.51,-500
70.5,27,35.39,-250
71.0,3,43.88,750
71.0,6,41.03,-500
71.0,7,40.66,1750
71.0,11,35.28,-1500
71.0,13,43.72,1750
71.0,15,35.48,1000
71.0,16,41.82,-2750
71.0,19,40.34,2500
71.0,20,37.02,-3000
71.0,23,44.99,-500
71.0,25,35.6,1750
71.0,28,35.31,4750
71.0,30,35.61,-3250
71.5,1,35.67,1750
71.5,3,43.56,750
71.5,6,41.3,-500
71.5,7,36.77,1750
71.5,10,35.64,500
71.5,11,36.02,-4250
71.5,13,42.78,1750
71.5,16,41.26,-2750
71.5,19,40.3,2500
71.5,20,36.11,-3000
71.5,21,36.06,-5250
71.5,23,44.36,-500
71.5,29,35.09,5750
72.0,3,39.12,500
72.0,5,35.45,5000
72.0,6,41.7,-500
72.0,7,39.56,1750
72.0,8,35.31,-750
72.0,13,41.32,1750
72.0,16,42.27,-2750
72.0,19,37.85,2500
72.0,20,35.81,-3000
72.0,22,35.32,0
72.0,23,43.67,-500
72.0,30,35.12,5000
72.5,3,43.86,750
72.5,6,39.9,-500
72.5,7,40.15,1750
72.5,8,35.16,3500
72.5,12,35.45,2250
72.5,13,43.04,1750
72.5,16,41.48,-2750
72.5,18,36.87,-750
72.5,19,39.15,2500
72.5,20,36.52,-3000
72.5,23,44.49,-500
72.5,24,35.32,3750
72.5,30,35.93,-3250
72.5,32,35.18,1250
73.0,3,39.56,500
73.0,4,35.27,5000
73.0,6,41.51,-500
73.0,7,39.35,1750
73.0,13,41.68,1750
73.0,14,35.0,-250
73.0,16,42.44,-2750
73.0,19,40.21,2500
73.0,20,35.23,-3000
73.0,23,43.58,-500
73.0,27,35.43,-6000
73.0,30,36.14,-3250
73.0,31,35.42,1750
73.5,3,39.54,500
73.5,4,35.15,-2250
73.5,6,39.89,-500
73.5,7,40.48,1750
73.5,13,41.77,1750
73.5,15,35.36,1750
73.5,16,41.57,-2750
73.5,19,38.44,2500
73.5,20,36.01,-3000
73.5,21,35.71,750
73.5,23,45.03,-500
73.5,30,38.26,-3250
74.0,3,44.19,750
74.0,6,39.69,-500
74.0,7,39.73,1750
74.0,9,35.42,750
74.0,13,44.46,1750
74.0,16,41.48,-2750
74.0,17,35.1,-5500
74.0,19,40.5,2500
74.0,20,36.98,-3000
74.0,22,35.24,2500
74.0,23,44.97,-500
74.0,26,35.14,500
74.0,30,35.49,-3250
74.5,3,39.64,500
74.5,5,35.45,4000
74.5,6,41.78,-500
74.5,7,40.47,1750
74.5,9,35.36,-1000
74.5,13,43.14,1750
74.5,16,42.51,-2750
74.5,19,38.33,2500
74.5,20,36.9,-3000
74.5,23,44.28,-500
74.5,26,35.06,0
74.5,30,35.39,-3250
75.0,3,39.32,1000
75.0,6,40.05,-500
75.0,7,38.36,1750
75.0,9,35.24,-4750
75.0,11,35.23,500
75.0,13,42.3,1750
75.0,16,42.65,-2750
75.0,19,39.93,2500
75.0,23,44.14,-500
75.0,24,35.27,-4250
75.0,30,37.31,-3250
75.5,3,43.97,750
75.5,6,41.23,-500
75.5,7,40.14,1750
75.5,13,43.49,1750
75.5,14,35.07,3750
75.5,16,42.11,-2750
75.5,17,35.45,-4000
75.5,18,35.27,-3250
75.5,19,39.04,2500
75.5,20,38.75,-3000
75.5,23,44.51,-500
75.5,28,35.55,250
75.5,29,35.2,5750
76.0,3,39.68,500
76.0,6,42.14,-500
76.0,7,37.26,2000
76.0,8,35.34,-3250
76.0,13,41.99,1750
76.0,16,41.96,-2750
76.0,18,35.1,1750
76.0,19,38.53,2500
76.0,20,37.78,-3000
76.0,23,45.34,-500
76.0,24,35.27,-5250
76.0,28,35.19,4750
76.5,3,43.45,750
76.5,4,35.65,-1750
76.5,6,41.41,-500
76.5,7,38.31,1750
76.5,13,43.5,1750
76.5,14,35.19,-4500
76.5,16,42.15,-2750
76.5,19,39.59,2500
76.5,20,36.12,-3000
76.5,23,44.37,-500
76.5,25,35.22,-5500
76.5,29,35.0,500
76.5,30,36.04,-3250
76.5,32,35.52,0
77.0,2,35.27,-1250
77.0,3,43.58,750
77.0,6,40.83,-500
77.0,7,39.65,1750
77.0,12,35.01,3000
77.0,13,44.02,1750
77.0,16,42.27,-2750
77.0,17,35.73,-250
77.0,19,39.97,2500
77.0,23,44.81,-500
77.0,25,35.01,-3000
77.0,26,35.44,-2500
77.0,30,35.31,-3250
77.5,1,35.46,-2250
77.5,3,44.07,750
77.5,4,35.02,-4500
77.5,5,35.34,4250
77.5,6,40.0,-500
77.5,7,38.39,1750
77.5,8,35.42,3250
77.5,10,35.81,500
77.5,13,42.5,1750
77.5,16,41.0,-2750
77.5,18,35.21,-1750
77.5,19,40.01,2500
77.5,23,44.99,-500
77.5,28,35.1,-4000
77.5,32,35.32,1250
78.0,1,35.11,5500
78.0,3,40.75,500
78.0,5,35.29,-3250
78.0,6,39.89,-500
78.0,7,39.75,1750
78.0,8,35.6,1000
78.0,13,43.04,1750
78.0,16,42.48,-2750
78.0,18,35.22,-4500
78.0,19,38.79,2500
78.0,20,37.88,-3000
78.0,21,35.14,-1000
78.0,22,35.82,0
78.0,23,44.82,-500
78.0,24,35.47,0
78.0,30,36.51,-5250
78.5,3,43.48,750
78.5,6,40.23,-500
78.5,7,37.47,1750
78.5,8,35.28,1750
78.5,13,42.8,1750
78.5,16,41.64,-2750
78.5,19,40.7,2500
78.5,20,38.6,-3000
78.5,23,44.25,-500
78.5,26,35.28,-4250
79.0,2,35.35,-3000
79.0,3,41.07,500
79.0,4,35.01,5750
79.0,6,40.58,-500
79.0,7,39.57,1750
79.0,8,35.27,-500
79.0,10,35.01,500
79.0,13,42.1,1750
79.0,16,43.32,-2750
79.0,18,35.21,2500
79.0,19,38.57,2500
79.0,22,35.31,1000
79.0,23,44.5,-500
79.0,30,35.05,-3250
79.0,32,35.77,-3000
79.5,3,43.45,750
79.5,5,35.15,-1750
79.5,6,40.02,-500
79.5,7,40.7,1750
79.5,13,43.19,1750
79.5,16,41.94,-2750
79.5,19,40.43,2500
79.5,23,44.78,-500
79.5,31,35.22,4250
